"Name","CategoriesType","levelid","Any%PB","Any%WR","Checkpoint%PB","Checkpoint%WR","Any% PinchPB","Any% PinchWR","Checkpoint% PinchPB","Checkpoint% PinchWR","Any% No PinchPB","Any% No PinchWR","Checkpoint% No PinchPB","Checkpoint% No PinchWR","Any% GlitchlessPB","Any% GlitchlessWR","Checkpoint% GlitchlessPB","Checkpoint% GlitchlessWR","Any% Glitches AllowedPB","Any% Glitches AllowedWR","Checkpoint% Glitches AllowedPB","Checkpoint% Glitches AllowedWR","[workshop]Any% GlitchedPB","[workshop]Any% GlitchedWR","[workshop]Any% GlitchlessPB","[workshop]Any% GlitchlessWR","[workshop]All Checkpoints% GlitchedPB","[workshop]All Checkpoints% GlitchedWR","[workshop]All Checkpoints% GlitchlessPB","[workshop]All Checkpoints% GlitchlessWR"
"Mansion","2","0","Any%PB","Any%WR","Checkpoint%PB","Checkpoint%WR","13.80","12.13 by mitarashi","N/A","19.73 by yuu","15.50","14.55 by Mealy","N/A","19.32 by Mealy","Any% GlitchlessPB","Any% GlitchlessWR","Checkpoint% GlitchlessPB","Checkpoint% GlitchlessWR","Any% Glitches AllowedPB","Any% Glitches AllowedWR","Checkpoint% Glitches AllowedPB","Checkpoint% Glitches AllowedWR","[workshop]Any% GlitchedPB","[workshop]Any% GlitchedWR","[workshop]Any% GlitchlessPB","[workshop]Any% GlitchlessWR","[workshop]All Checkpoints% GlitchedPB","[workshop]All Checkpoints% GlitchedWR","[workshop]All Checkpoints% GlitchlessPB","[workshop]All Checkpoints% GlitchlessWR"
"Train","2","1","Any%PB","Any%WR","Checkpoint%PB","Checkpoint%WR","15.467","11.97 bu turu","N/A","26.90 by kottu","16.37","15.62 by Chinese大杯茶","N/A","21.78 by 不知名","Any% GlitchlessPB","Any% GlitchlessWR","Checkpoint% GlitchlessPB","Checkpoint% GlitchlessWR","Any% Glitches AllowedPB","Any% Glitches AllowedWR","Checkpoint% Glitches AllowedPB","Checkpoint% Glitches AllowedWR","[workshop]Any% GlitchedPB","[workshop]Any% GlitchedWR","[workshop]Any% GlitchlessPB","[workshop]Any% GlitchlessWR","[workshop]All Checkpoints% GlitchedPB","[workshop]All Checkpoints% GlitchedWR","[workshop]All Checkpoints% GlitchlessPB","[workshop]All Checkpoints% GlitchlessWR"
"Carry","0","2","10.63","10.17 by 中野六海","N/A","13.18 by Apex_隐圆 & Shii","Any% PinchPB","Any% PinchWR","Checkpoint% PinchPB","Checkpoint% PinchWR","Any% No PinchPB","Any% No PinchWR","Checkpoint% No PinchPB","Checkpoint% No PinchWR","Any% GlitchlessPB","Any% GlitchlessWR","Checkpoint% GlitchlessPB","Checkpoint% GlitchlessWR","Any% Glitches AllowedPB","Any% Glitches AllowedWR","Checkpoint% Glitches AllowedPB","Checkpoint% Glitches AllowedWR","[workshop]Any% GlitchedPB","[workshop]Any% GlitchedWR","[workshop]Any% GlitchlessPB","[workshop]Any% GlitchlessWR","[workshop]All Checkpoints% GlitchedPB","[workshop]All Checkpoints% GlitchedWR","[workshop]All Checkpoints% GlitchlessPB","[workshop]All Checkpoints% GlitchlessWR"
"Mountain","2","3","Any%PB","Any%WR","Checkpoint%PB","Checkpoint%WR","22.25","20.93 by yuu","N/A","47.90 by kottu","53.73(plcc)","51.85 by 不知名","N/A","51.85 by 不知名","Any% GlitchlessPB","Any% GlitchlessWR","Checkpoint% GlitchlessPB","Checkpoint% GlitchlessWR","Any% Glitches AllowedPB","Any% Glitches AllowedWR","Checkpoint% Glitches AllowedPB","Checkpoint% Glitches AllowedWR","[workshop]Any% GlitchedPB","[workshop]Any% GlitchedWR","[workshop]Any% GlitchlessPB","[workshop]Any% GlitchlessWR","[workshop]All Checkpoints% GlitchedPB","[workshop]All Checkpoints% GlitchedWR","[workshop]All Checkpoints% GlitchlessPB","[workshop]All Checkpoints% GlitchlessWR"
"Demolition","1","4","Any%PB","Any%WR","Checkpoint%PB","Checkpoint%WR","Any% PinchPB","Any% PinchWR","Checkpoint% PinchPB","Checkpoint% PinchWR","Any% No PinchPB","Any% No PinchWR","Checkpoint% No PinchPB","Checkpoint% No PinchWR","N/A","24.08 by lgklx","N/A","N/A","21.71","20.3 by Karintou","N/A","38.43 by yuutaku","[workshop]Any% GlitchedPB","[workshop]Any% GlitchedWR","[workshop]Any% GlitchlessPB","[workshop]Any% GlitchlessWR","[workshop]All Checkpoints% GlitchedPB","[workshop]All Checkpoints% GlitchedWR","[workshop]All Checkpoints% GlitchlessPB","[workshop]All Checkpoints% GlitchlessWR"
"Castle","0","5","27.04","25.70 by Mealy","N/A","1:25.37 by 6ixcoins","Any% PinchPB","Any% PinchWR","Checkpoint% PinchPB","Checkpoint% PinchWR","Any% No PinchPB","Any% No PinchWR","Checkpoint% No PinchPB","Checkpoint% No PinchWR","Any% GlitchlessPB","Any% GlitchlessWR","Checkpoint% GlitchlessPB","Checkpoint% GlitchlessWR","Any% Glitches AllowedPB","Any% Glitches AllowedWR","Checkpoint% Glitches AllowedPB","Checkpoint% Glitches AllowedWR","[workshop]Any% GlitchedPB","[workshop]Any% GlitchedWR","[workshop]Any% GlitchlessPB","[workshop]Any% GlitchlessWR","[workshop]All Checkpoints% GlitchedPB","[workshop]All Checkpoints% GlitchedWR","[workshop]All Checkpoints% GlitchlessPB","[workshop]All Checkpoints% GlitchlessWR"
"Water","1","6","Any%PB","Any%WR","Checkpoint%PB","Checkpoint%WR","Any% PinchPB","Any% PinchWR","Checkpoint% PinchPB","Checkpoint% PinchWR","Any% No PinchPB","Any% No PinchWR","Checkpoint% No PinchPB","Checkpoint% No PinchWR","N/A","38.45 by kottu","N/A","N/A","20.46","19.37 by Mealy","N/A","2:32.89 by 6ixcoins","[workshop]Any% GlitchedPB","[workshop]Any% GlitchedWR","[workshop]Any% GlitchlessPB","[workshop]Any% GlitchlessWR","[workshop]All Checkpoints% GlitchedPB","[workshop]All Checkpoints% GlitchedWR","[workshop]All Checkpoints% GlitchlessPB","[workshop]All Checkpoints% GlitchlessWR"
"Power Plant","1","7","Any%PB","Any%WR","Checkpoint%PB","Checkpoint%WR","Any% PinchPB","Any% PinchWR","Checkpoint% PinchPB","Checkpoint% PinchWR","Any% No PinchPB","Any% No PinchWR","Checkpoint% No PinchPB","Checkpoint% No PinchWR","N/A","28.15 by 豆白zZ","N/A","N/A","27.87","26.13 by 不知名","N/A","1:16.19 by 不知名","[workshop]Any% GlitchedPB","[workshop]Any% GlitchedWR","[workshop]Any% GlitchlessPB","[workshop]Any% GlitchlessWR","[workshop]All Checkpoints% GlitchedPB","[workshop]All Checkpoints% GlitchedWR","[workshop]All Checkpoints% GlitchlessPB","[workshop]All Checkpoints% GlitchlessWR"
"Aztec","1","8","Any%PB","Any%WR","Checkpoint%PB","Checkpoint%WR","Any% PinchPB","Any% PinchWR","Checkpoint% PinchPB","Checkpoint% PinchWR","Any% No PinchPB","Any% No PinchWR","Checkpoint% No PinchPB","Checkpoint% No PinchWR","N/A","33.33 by 不知名","N/A","N/A","31.94","29.77 by 香蕉汁儿之汁儿","N/A","1:31.36 by 不知名","[workshop]Any% GlitchedPB","[workshop]Any% GlitchedWR","[workshop]Any% GlitchlessPB","[workshop]Any% GlitchlessWR","[workshop]All Checkpoints% GlitchedPB","[workshop]All Checkpoints% GlitchedWR","[workshop]All Checkpoints% GlitchlessPB","[workshop]All Checkpoints% GlitchlessWR"
"Dark","1","9","Any%PB","Any%WR","Checkpoint%PB","Checkpoint%WR","Any% PinchPB","Any% PinchWR","Checkpoint% PinchPB","Checkpoint% PinchWR","Any% No PinchPB","Any% No PinchWR","Checkpoint% No PinchPB","Checkpoint% No PinchWR","N/A","1:58.46 by kottu","N/A","N/A","48.35","47.33 by imomushi59","N/A","6:35.76 by kottu","[workshop]Any% GlitchedPB","[workshop]Any% GlitchedWR","[workshop]Any% GlitchlessPB","[workshop]Any% GlitchlessWR","[workshop]All Checkpoints% GlitchedPB","[workshop]All Checkpoints% GlitchedWR","[workshop]All Checkpoints% GlitchlessPB","[workshop]All Checkpoints% GlitchlessWR"
"Steam","3","2","Any%PB","Any%WR","Checkpoint%PB","Checkpoint%WR","20.65","19.62 by 中野六海","N/A","1:06.23 by Karintou","28.32","25.17 by 豆白zZ","N/A","1:06.02 by yuutaku","N/A","30.47 by 豆白zZ","N/A","N/A","Any% Glitches AllowedPB","Any% Glitches AllowedWR","Checkpoint% Glitches AllowedPB","Checkpoint% Glitches AllowedWR","[workshop]Any% GlitchedPB","[workshop]Any% GlitchedWR","[workshop]Any% GlitchlessPB","[workshop]Any% GlitchlessWR","[workshop]All Checkpoints% GlitchedPB","[workshop]All Checkpoints% GlitchedWR","[workshop]All Checkpoints% GlitchlessPB","[workshop]All Checkpoints% GlitchlessWR"
"Ice","1","3","Any%PB","Any%WR","Checkpoint%PB","Checkpoint%WR","Any% PinchPB","Any% PinchWR","Checkpoint% PinchPB","Checkpoint% PinchWR","Any% No PinchPB","Any% No PinchWR","Checkpoint% No PinchPB","Checkpoint% No PinchWR","N/A","40.97 by 孬弹","N/A","N/A","41.24","39.55 by 孬弹","N/A","1:52.51 by plcc","[workshop]Any% GlitchedPB","[workshop]Any% GlitchedWR","[workshop]Any% GlitchlessPB","[workshop]Any% GlitchlessWR","[workshop]All Checkpoints% GlitchedPB","[workshop]All Checkpoints% GlitchedWR","[workshop]All Checkpoints% GlitchlessPB","[workshop]All Checkpoints% GlitchlessWR"
"Reprise","0","12","16.42","15.48 by yuu","N/A","20.68 by 不知名","Any% PinchPB","Any% PinchWR","Checkpoint% PinchPB","Checkpoint% PinchWR","Any% No PinchPB","Any% No PinchWR","Checkpoint% No PinchPB","Checkpoint% No PinchWR","Any% GlitchlessPB","Any% GlitchlessWR","Checkpoint% GlitchlessPB","Checkpoint% GlitchlessWR","Any% Glitches AllowedPB","Any% Glitches AllowedWR","Checkpoint% Glitches AllowedPB","Checkpoint% Glitches AllowedWR","[workshop]Any% GlitchedPB","[workshop]Any% GlitchedWR","[workshop]Any% GlitchlessPB","[workshop]Any% GlitchlessWR","[workshop]All Checkpoints% GlitchedPB","[workshop]All Checkpoints% GlitchedWR","[workshop]All Checkpoints% GlitchlessPB","[workshop]All Checkpoints% GlitchlessWR"
"Thermal","1","100","Any%PB","Any%WR","Checkpoint%PB","Checkpoint%WR","Any% PinchPB","Any% PinchWR","Checkpoint% PinchPB","Checkpoint% PinchWR","Any% No PinchPB","Any% No PinchWR","Checkpoint% No PinchPB","Checkpoint% No PinchWR","1:48.83","1:33.86 by kottu","N/A","N/A","25.32","23.99 by 中野六海","N/A","2:52.27 by kottu","[workshop]Any% GlitchedPB","[workshop]Any% GlitchedWR","[workshop]Any% GlitchlessPB","[workshop]Any% GlitchlessWR","[workshop]All Checkpoints% GlitchedPB","[workshop]All Checkpoints% GlitchedWR","[workshop]All Checkpoints% GlitchlessPB","[workshop]All Checkpoints% GlitchlessWR"
"Factory","1","101","Any%PB","Any%WR","Checkpoint%PB","Checkpoint%WR","Any% PinchPB","Any% PinchWR","Checkpoint% PinchPB","Checkpoint% PinchWR","Any% No PinchPB","Any% No PinchWR","Checkpoint% No PinchPB","Checkpoint% No PinchWR","45.89","43.85 by kottu","N/A","N/A","43.90","41.10 by kottu","N/A","1:37.12 by 鸦挽青","[workshop]Any% GlitchedPB","[workshop]Any% GlitchedWR","[workshop]Any% GlitchlessPB","[workshop]Any% GlitchlessWR","[workshop]All Checkpoints% GlitchedPB","[workshop]All Checkpoints% GlitchedWR","[workshop]All Checkpoints% GlitchlessPB","[workshop]All Checkpoints% GlitchlessWR"
"Golf","1","102","Any%PB","Any%WR","Checkpoint%PB","Checkpoint%WR","Any% PinchPB","Any% PinchWR","Checkpoint% PinchPB","Checkpoint% PinchWR","Any% No PinchPB","Any% No PinchWR","Checkpoint% No PinchPB","Checkpoint% No PinchWR","17.47","16.87 by IdentitY","N/A","N/A","13.83","13.53 by -Z丶H-","N/A","1:28.15 by yuutaku","[workshop]Any% GlitchedPB","[workshop]Any% GlitchedWR","[workshop]Any% GlitchlessPB","[workshop]Any% GlitchlessWR","[workshop]All Checkpoints% GlitchedPB","[workshop]All Checkpoints% GlitchedWR","[workshop]All Checkpoints% GlitchlessPB","[workshop]All Checkpoints% GlitchlessWR"
"City","1","103","Any%PB","Any%WR","Checkpoint%PB","Checkpoint%WR","Any% PinchPB","Any% PinchWR","Checkpoint% PinchPB","Checkpoint% PinchWR","Any% No PinchPB","Any% No PinchWR","Checkpoint% No PinchPB","Checkpoint% No PinchWR","N/A","2:09.11 by yuutaku","N/A","N/A","1:24.71","1:19.49 by 豆白zZ","N/A","3:22.21 by yuutaku","[workshop]Any% GlitchedPB","[workshop]Any% GlitchedWR","[workshop]Any% GlitchlessPB","[workshop]Any% GlitchlessWR","[workshop]All Checkpoints% GlitchedPB","[workshop]All Checkpoints% GlitchedWR","[workshop]All Checkpoints% GlitchlessPB","[workshop]All Checkpoints% GlitchlessWR"
"Forest","1","104","Any%PB","Any%WR","Checkpoint%PB","Checkpoint%WR","Any% PinchPB","Any% PinchWR","Checkpoint% PinchPB","Checkpoint% PinchWR","Any% No PinchPB","Any% No PinchWR","Checkpoint% No PinchPB","Checkpoint% No PinchWR","54.46","58.03 by Msgames79","N/A","N/A","18.76","18.76 by Msgames79","N/A","1:44.66 by yuutaku","[workshop]Any% GlitchedPB","[workshop]Any% GlitchedWR","[workshop]Any% GlitchlessPB","[workshop]Any% GlitchlessWR","[workshop]All Checkpoints% GlitchedPB","[workshop]All Checkpoints% GlitchedWR","[workshop]All Checkpoints% GlitchlessPB","[workshop]All Checkpoints% GlitchlessWR"
"Laboratory","1","105","Any%PB","Any%WR","Checkpoint%PB","Checkpoint%WR","Any% PinchPB","Any% PinchWR","Checkpoint% PinchPB","Checkpoint% PinchWR","Any% No PinchPB","Any% No PinchWR","Checkpoint% No PinchPB","Checkpoint% No PinchWR","3:41.58","3:41.58 by Msgames79","N/A","N/A","1:35.14","1:18.12 by yuutaku","N/A","4:20.96 by kottu","[workshop]Any% GlitchedPB","[workshop]Any% GlitchedWR","[workshop]Any% GlitchlessPB","[workshop]Any% GlitchlessWR","[workshop]All Checkpoints% GlitchedPB","[workshop]All Checkpoints% GlitchedWR","[workshop]All Checkpoints% GlitchlessPB","[workshop]All Checkpoints% GlitchlessWR"
"Lumber","1","106","Any%PB","Any%WR","Checkpoint%PB","Checkpoint%WR","Any% PinchPB","Any% PinchWR","Checkpoint% PinchPB","Checkpoint% PinchWR","Any% No PinchPB","Any% No PinchWR","Checkpoint% No PinchPB","Checkpoint% No PinchWR","N/A","1:00.88 by plcc","N/A","N/A","20.31","20.28 by yuutaku","N/A","2:16.93 by kottu","[workshop]Any% GlitchedPB","[workshop]Any% GlitchedWR","[workshop]Any% GlitchlessPB","[workshop]Any% GlitchlessWR","[workshop]All Checkpoints% GlitchedPB","[workshop]All Checkpoints% GlitchedWR","[workshop]All Checkpoints% GlitchlessPB","[workshop]All Checkpoints% GlitchlessWR"
"Red Rock","1","107","Any%PB","Any%WR","Checkpoint%PB","Checkpoint%WR","Any% PinchPB","Any% PinchWR","Checkpoint% PinchPB","Checkpoint% PinchWR","Any% No PinchPB","Any% No PinchWR","Checkpoint% No PinchPB","Checkpoint% No PinchWR","N/A","1:13.98 by yuutaku","N/A","N/A","1:05.80","1:00.58 by yuutaku","N/A","1:57.26 by yuutaku","[workshop]Any% GlitchedPB","[workshop]Any% GlitchedWR","[workshop]Any% GlitchlessPB","[workshop]Any% GlitchlessWR","[workshop]All Checkpoints% GlitchedPB","[workshop]All Checkpoints% GlitchedWR","[workshop]All Checkpoints% GlitchlessPB","[workshop]All Checkpoints% GlitchlessWR"
"Tower","3","108","Any%PB","Any%WR","Checkpoint%PB","Checkpoint%WR","1:49.21","1:49.21 by Msgames79","N/A","N/A","2:33.45","2:24.69 by 里逸zZ","N/A","4:33.58 by yuutaku","N/A","4:58.99 by yuutaku","N/A","N/A","Any% Glitches AllowedPB","Any% Glitches AllowedWR","Checkpoint% Glitches AllowedPB","Checkpoint% Glitches AllowedWR","[workshop]Any% GlitchedPB","[workshop]Any% GlitchedWR","[workshop]Any% GlitchlessPB","[workshop]Any% GlitchlessWR","[workshop]All Checkpoints% GlitchedPB","[workshop]All Checkpoints% GlitchedWR","[workshop]All Checkpoints% GlitchlessPB","[workshop]All Checkpoints% GlitchlessWR"
"Miniature","1","109","Any%PB","Any%WR","Checkpoint%PB","Checkpoint%WR","Any% PinchPB","Any% PinchWR","Checkpoint% PinchPB","Checkpoint% PinchWR","Any% No PinchPB","Any% No PinchWR","Checkpoint% No PinchPB","Checkpoint% No PinchWR","1:46.21","1:43.41 by yuutaku","N/A","N/A","41.57","41.57 by Msgames79","N/A","N/A","[workshop]Any% GlitchedPB","[workshop]Any% GlitchedWR","[workshop]Any% GlitchlessPB","[workshop]Any% GlitchlessWR","[workshop]All Checkpoints% GlitchedPB","[workshop]All Checkpoints% GlitchedWR","[workshop]All Checkpoints% GlitchlessPB","[workshop]All Checkpoints% GlitchlessWR"
"Copper World","1","110","Any%PB","Any%WR","Checkpoint%PB","Checkpoint%WR","Any% PinchPB","Any% PinchWR","Checkpoint% PinchPB","Checkpoint% PinchWR","Any% No PinchPB","Any% No PinchWR","Checkpoint% No PinchPB","Checkpoint% No PinchWR","N/A","1:49.69 by yuutaku","N/A","N/A","1:37.77","1:34.02 by yuutaku","4:29.39","4:29.39 by Msgames79","[workshop]Any% GlitchedPB","[workshop]Any% GlitchedWR","[workshop]Any% GlitchlessPB","[workshop]Any% GlitchlessWR","[workshop]All Checkpoints% GlitchedPB","[workshop]All Checkpoints% GlitchedWR","[workshop]All Checkpoints% GlitchlessPB","[workshop]All Checkpoints% GlitchlessWR"
"Port","0","112","28.90","28.90 by Msgames79","N/A","3:43.33 by yuutaku","Any% PinchPB","Any% PinchWR","Checkpoint% PinchPB","Checkpoint% PinchWR","Any% No PinchPB","Any% No PinchWR","Checkpoint% No PinchPB","Checkpoint% No PinchWR","Any% GlitchlessPB","Any% GlitchlessWR","N/A","Checkpoint% GlitchlessWR","Any% Glitches AllowedPB","Any% Glitches AllowedWR","N/A","Checkpoint% Glitches AllowedWR","[workshop]Any% GlitchedPB","[workshop]Any% GlitchedWR","[workshop]Any% GlitchlessPB","[workshop]Any% GlitchlessWR","[workshop]All Checkpoints% GlitchedPB","[workshop]All Checkpoints% GlitchedWR","[workshop]All Checkpoints% GlitchlessPB","[workshop]All Checkpoints% GlitchlessWR"
"Underwater","1","113","Any%PB","Any%WR","Checkpoint%PB","Checkpoint%WR","Any% PinchPB","Any% PinchWR","Checkpoint% PinchPB","Checkpoint% PinchWR","Any% No PinchPB","Any% No PinchWR","Checkpoint% No PinchPB","Checkpoint% No PinchWR","16.27","15.92 by 豆白zZ","N/A","N/A","16.57","15.43 by yuutaku","N/A","1:52.53 by yuutaku","[workshop]Any% GlitchedPB","[workshop]Any% GlitchedWR","[workshop]Any% GlitchlessPB","[workshop]Any% GlitchlessWR","[workshop]All Checkpoints% GlitchedPB","[workshop]All Checkpoints% GlitchedWR","[workshop]All Checkpoints% GlitchlessPB","[workshop]All Checkpoints% GlitchlessWR"
"Dockyard","1","114","Any%PB","Any%WR","Checkpoint%PB","Checkpoint%WR","Any% PinchPB","Any% PinchWR","Checkpoint% PinchPB","Checkpoint% PinchWR","Any% No PinchPB","Any% No PinchWR","Checkpoint% No PinchPB","Checkpoint% No PinchWR","N/A","37.89 by 豆白zZ","N/A","N/A","33.21","32.73 by kottu","N/A","1:55.53 by yuutaku","[workshop]Any% GlitchedPB","[workshop]Any% GlitchedWR","[workshop]Any% GlitchlessPB","[workshop]Any% GlitchlessWR","[workshop]All Checkpoints% GlitchedPB","[workshop]All Checkpoints% GlitchedWR","[workshop]All Checkpoints% GlitchlessPB","[workshop]All Checkpoints% GlitchlessWR"
"Museum","1","115","Any%PB","Any%WR","Checkpoint%PB","Checkpoint%WR","Any% PinchPB","Any% PinchWR","Checkpoint% PinchPB","Checkpoint% PinchWR","Any% No PinchPB","Any% No PinchWR","Checkpoint% No PinchPB","Checkpoint% No PinchWR","N/A","N/A","N/A","N/A","2:30.37","2:08.58 by yuutaku","N/A","N/A","[workshop]Any% GlitchedPB","[workshop]Any% GlitchedWR","[workshop]Any% GlitchlessPB","[workshop]Any% GlitchlessWR","[workshop]All Checkpoints% GlitchedPB","[workshop]All Checkpoints% GlitchedWR","[workshop]All Checkpoints% GlitchlessPB","[workshop]All Checkpoints% GlitchlessWR"
"Hike","1","116","Any%PB","Any%WR","Checkpoint%PB","Checkpoint%WR","Any% PinchPB","Any% PinchWR","Checkpoint% PinchPB","Checkpoint% PinchWR","Any% No PinchPB","Any% No PinchWR","Checkpoint% No PinchPB","Checkpoint% No PinchWR","N/A","N/A","N/A","N/A","47.05","46.85 by kottu","N/A","N/A","[workshop]Any% GlitchedPB","[workshop]Any% GlitchedWR","[workshop]Any% GlitchlessPB","[workshop]Any% GlitchlessWR","[workshop]All Checkpoints% GlitchedPB","[workshop]All Checkpoints% GlitchedWR","[workshop]All Checkpoints% GlitchlessPB","[workshop]All Checkpoints% GlitchlessWR"
"Intermediate","0","1697195942","Any%PB","Any%WR","Checkpoint%PB","Checkpoint%WR","Any% PinchPB","Any% PinchWR","Checkpoint% PinchPB","Checkpoint% PinchWR","Any% No PinchPB","Any% No PinchWR","Checkpoint% No PinchPB","Checkpoint% No PinchWR","Any% GlitchlessPB","Any% GlitchlessWR","Checkpoint% GlitchlessPB","Checkpoint% GlitchlessWR","Any% Glitches AllowedPB","Any% Glitches AllowedWR","Checkpoint% Glitches AllowedPB","Checkpoint% Glitches AllowedWR","32.99","32.99 by Msgames79","N/A","N/A","[workshop]All Checkpoints% GlitchedPB","1:05.883 by kottu","N/A","N/A"
"Beginner","13","1697177857","Any%PB","Any%WR","Checkpoint%PB","Checkpoint%WR","Any% PinchPB","Any% PinchWR","Checkpoint% PinchPB","Checkpoint% PinchWR","Any% No PinchPB","Any% No PinchWR","Checkpoint% No PinchPB","Checkpoint% No PinchWR","Any% GlitchlessPB","Any% GlitchlessWR","Checkpoint% GlitchlessPB","Checkpoint% GlitchlessWR","Any% Glitches AllowedPB","Any% Glitches AllowedWR","Checkpoint% Glitches AllowedPB","Checkpoint% Glitches AllowedWR","[workshop]Any% GlitchedPB","[workshop]Any% GlitchedWR","[workshop]Any% GlitchlessPB","[workshop]Any% GlitchlessWR","11.95","11.95 by Msgames79","[workshop]All Checkpoints% GlitchlessPB","[workshop]All Checkpoints% GlitchlessWR"
"Island Hopper","0","1780975226","Any%PB","Any%WR","Checkpoint%PB","Checkpoint%WR","Any% PinchPB","Any% PinchWR","Checkpoint% PinchPB","Checkpoint% PinchWR","Any% No PinchPB","Any% No PinchWR","Checkpoint% No PinchPB","Checkpoint% No PinchWR","Any% GlitchlessPB","Any% GlitchlessWR","Checkpoint% GlitchlessPB","Checkpoint% GlitchlessWR","Any% Glitches AllowedPB","Any% Glitches AllowedWR","Checkpoint% Glitches AllowedPB","Checkpoint% Glitches AllowedWR","15.81","15.77 by turu & kottu","N/A","N/A","48.37","44.367 by kottu","N/A","N/A"
"Yuuki's Adventure","0","2219144078","Any%PB","Any%WR","Checkpoint%PB","Checkpoint%WR","Any% PinchPB","Any% PinchWR","Checkpoint% PinchPB","Checkpoint% PinchWR","Any% No PinchPB","Any% No PinchWR","Checkpoint% No PinchPB","Checkpoint% No PinchWR","Any% GlitchlessPB","Any% GlitchlessWR","Checkpoint% GlitchlessPB","Checkpoint% GlitchlessWR","Any% Glitches AllowedPB","Any% Glitches AllowedWR","Checkpoint% Glitches AllowedPB","Checkpoint% Glitches AllowedWR","12.08","11.80 by kottu","N/A","N/A","3:40.00","3:08.76 by kottu","N/A","N/A"
"Human 3D World","0","2790952301","Any%PB","Any%WR","Checkpoint%PB","Checkpoint%WR","Any% PinchPB","Any% PinchWR","Checkpoint% PinchPB","Checkpoint% PinchWR","Any% No PinchPB","Any% No PinchWR","Checkpoint% No PinchPB","Checkpoint% No PinchWR","Any% GlitchlessPB","Any% GlitchlessWR","Checkpoint% GlitchlessPB","Checkpoint% GlitchlessWR","Any% Glitches AllowedPB","Any% Glitches AllowedWR","Checkpoint% Glitches AllowedPB","Checkpoint% Glitches AllowedWR","N/A","4:21.03 by kottu","N/A","N/A","6:33.90","6:16.95 by kottu","N/A","N/A"
"Yuuki's Tower","0","3021908639","Any%PB","Any%WR","Checkpoint%PB","Checkpoint%WR","Any% PinchPB","Any% PinchWR","Checkpoint% PinchPB","Checkpoint% PinchWR","Any% No PinchPB","Any% No PinchWR","Checkpoint% No PinchPB","Checkpoint% No PinchWR","Any% GlitchlessPB","Any% GlitchlessWR","Checkpoint% GlitchlessPB","Checkpoint% GlitchlessWR","Any% Glitches AllowedPB","Any% Glitches AllowedWR","Checkpoint% Glitches AllowedPB","Checkpoint% Glitches AllowedWR","N/A","1:53.84 by kottu","N/A","N/A","N/A","5:17.52 by kottu","N/A","N/A"
"Jungle","0","2142410896","Any%PB","Any%WR","Checkpoint%PB","Checkpoint%WR","Any% PinchPB","Any% PinchWR","Checkpoint% PinchPB","Checkpoint% PinchWR","Any% No PinchPB","Any% No PinchWR","Checkpoint% No PinchPB","Checkpoint% No PinchWR","Any% GlitchlessPB","Any% GlitchlessWR","Checkpoint% GlitchlessPB","Checkpoint% GlitchlessWR","Any% Glitches AllowedPB","Any% Glitches AllowedWR","Checkpoint% Glitches AllowedPB","Checkpoint% Glitches AllowedWR","26.37","26.37 by Msgames79","N/A","N/A","N/A","2:47.42 by kottu","N/A","N/A"
"Just A Random Level!","0","3264991658","Any%PB","Any%WR","Checkpoint%PB","Checkpoint%WR","Any% PinchPB","Any% PinchWR","Checkpoint% PinchPB","Checkpoint% PinchWR","Any% No PinchPB","Any% No PinchWR","Checkpoint% No PinchPB","Checkpoint% No PinchWR","Any% GlitchlessPB","Any% GlitchlessWR","Checkpoint% GlitchlessPB","Checkpoint% GlitchlessWR","Any% Glitches AllowedPB","Any% Glitches AllowedWR","Checkpoint% Glitches AllowedPB","Checkpoint% Glitches AllowedWR","N/A","38.23 by kottu","N/A","N/A","N/A","1:52.73 by kottu","N/A","N/A"
"Liminal Spaces","0","3063831345","Any%PB","Any%WR","Checkpoint%PB","Checkpoint%WR","Any% PinchPB","Any% PinchWR","Checkpoint% PinchPB","Checkpoint% PinchWR","Any% No PinchPB","Any% No PinchWR","Checkpoint% No PinchPB","Checkpoint% No PinchWR","Any% GlitchlessPB","Any% GlitchlessWR","Checkpoint% GlitchlessPB","Checkpoint% GlitchlessWR","Any% Glitches AllowedPB","Any% Glitches AllowedWR","Checkpoint% Glitches AllowedPB","Checkpoint% Glitches AllowedWR","33.75","32.22 by kottu","N/A","N/A","N/A","N/A","N/A","N/A"
"Snowy Chasm","0","3046433989","Any%PB","Any%WR","Checkpoint%PB","Checkpoint%WR","Any% PinchPB","Any% PinchWR","Checkpoint% PinchPB","Checkpoint% PinchWR","Any% No PinchPB","Any% No PinchWR","Checkpoint% No PinchPB","Checkpoint% No PinchWR","Any% GlitchlessPB","Any% GlitchlessWR","Checkpoint% GlitchlessPB","Checkpoint% GlitchlessWR","Any% Glitches AllowedPB","Any% Glitches AllowedWR","Checkpoint% Glitches AllowedPB","Checkpoint% Glitches AllowedWR","N/A","51.47 by kottu","N/A","1:10.87 by kottu","N/A","N/A","N/A","N/A"
"Mountain(Workshop)","0","2924329053","Any%PB","Any%WR","Checkpoint%PB","Checkpoint%WR","Any% PinchPB","Any% PinchWR","Checkpoint% PinchPB","Checkpoint% PinchWR","Any% No PinchPB","Any% No PinchWR","Checkpoint% No PinchPB","Checkpoint% No PinchWR","Any% GlitchlessPB","Any% GlitchlessWR","Checkpoint% GlitchlessPB","Checkpoint% GlitchlessWR","Any% Glitches AllowedPB","Any% Glitches AllowedWR","Checkpoint% Glitches AllowedPB","Checkpoint% Glitches AllowedWR","N/A","47.63 by kottu","N/A","N/A","N/A","N/A","N/A","N/A"
"Escape from a dream","0","2003264396","Any%PB","Any%WR","Checkpoint%PB","Checkpoint%WR","Any% PinchPB","Any% PinchWR","Checkpoint% PinchPB","Checkpoint% PinchWR","Any% No PinchPB","Any% No PinchWR","Checkpoint% No PinchPB","Checkpoint% No PinchWR","Any% GlitchlessPB","Any% GlitchlessWR","Checkpoint% GlitchlessPB","Checkpoint% GlitchlessWR","Any% Glitches AllowedPB","Any% Glitches AllowedWR","Checkpoint% Glitches AllowedPB","Checkpoint% Glitches AllowedWR","57.64","44.48 by kottu","N/A","44.48 by kottu","N/A","N/A","N/A","N/A"
